name,definition,value,units,population,geography,study_year,currency_year,source_url,uncertainty_distribution,lower_bound,upper_bound,evidence_grade,transformation,assumption_flag
frac_unsheltered,"Share of the modelled service population that is unsheltered at baseline",0.38,proportion,adults experiencing homelessness,placeholder city,,,,triangular,0.25,0.55,D,none,hypothetical
frac_sheltered,"Share of the modelled service population that is sheltered at baseline",0.55,proportion,adults experiencing homelessness,placeholder city,,,,triangular,0.40,0.70,D,"remainder is already housed but still service-attached",hypothetical
age_mean,"Mean age at entry to the modelled service population",42.0,years,adults experiencing homelessness,placeholder city,,,,triangular,36.0,48.0,D,none,hypothetical
age_sd,"Standard deviation of age at entry",12.0,years,adults experiencing homelessness,placeholder city,,,,fixed,,,D,none,hypothetical
age_min,"Youngest modelled adult",18.0,years,adults,generic,,,,fixed,,,A,"eligibility floor, not an estimate",hypothetical
age_max,"Oldest modelled adult at entry",80.0,years,adults,generic,,,,fixed,,,D,truncation bound,hypothetical
inflow_rate_per_year,"New entries into the service population per baseline person-year",0.30,per person-year,adults experiencing homelessness,placeholder city,,,,triangular,0.15,0.60,D,"exogenous inflow, identical in every arm",hypothetical
migration_rate_per_year,"Rate of leaving the modelled catchment alive (distinct from death and from exiting homelessness)",0.12,per person-year,adults experiencing homelessness,placeholder city,,,,triangular,0.05,0.25,D,none,hypothetical
exposure_share_g0,"Share of the population in exposure group 0 (lowest sexual exposure)",0.45,proportion,adults experiencing homelessness,placeholder city,,,,fixed,,,D,"group shares are renormalised to sum to 1",hypothetical
exposure_share_g1,"Share of the population in exposure group 1",0.30,proportion,adults experiencing homelessness,placeholder city,,,,fixed,,,D,none,hypothetical
exposure_share_g2,"Share of the population in exposure group 2",0.18,proportion,adults experiencing homelessness,placeholder city,,,,fixed,,,D,none,hypothetical
exposure_share_g3,"Share of the population in exposure group 3 (highest sexual exposure)",0.07,proportion,adults experiencing homelessness,placeholder city,,,,fixed,,,D,none,hypothetical
exposure_rate_sex_g0,"Relative sexual exposure rate, group 0",0.25,relative,adults experiencing homelessness,placeholder city,,,,fixed,,,D,"relative units; absolute scale is lambda_sex_scale",hypothetical
exposure_rate_sex_g1,"Relative sexual exposure rate, group 1",1.0,relative,adults experiencing homelessness,placeholder city,,,,fixed,,,D,reference group,hypothetical
exposure_rate_sex_g2,"Relative sexual exposure rate, group 2",3.0,relative,adults experiencing homelessness,placeholder city,,,,triangular,2.0,5.0,D,none,hypothetical
exposure_rate_sex_g3,"Relative sexual exposure rate, group 3",8.0,relative,adults experiencing homelessness,placeholder city,,,,triangular,5.0,14.0,D,none,hypothetical
frac_injects_g0,"Share of group 0 that shares injection equipment",0.02,proportion,adults experiencing homelessness,placeholder city,,,,fixed,,,D,none,hypothetical
frac_injects_g1,"Share of group 1 that shares injection equipment",0.08,proportion,adults experiencing homelessness,placeholder city,,,,fixed,,,D,none,hypothetical
frac_injects_g2,"Share of group 2 that shares injection equipment",0.18,proportion,adults experiencing homelessness,placeholder city,,,,triangular,0.08,0.35,D,none,hypothetical
frac_injects_g3,"Share of group 3 that shares injection equipment",0.30,proportion,adults experiencing homelessness,placeholder city,,,,triangular,0.15,0.50,D,none,hypothetical
lambda_sex_scale,"Scale converting group mixing and infectious prevalence into an annual sexual acquisition hazard",0.085,per person-year,adults experiencing homelessness,placeholder city,,,,lognormal,0.025,0.290,D,"calibration target, not an observation",calibrated
lambda_inj_scale,"Scale converting sharing mixing and infectious prevalence into an annual injection-route hazard",0.060,per person-year,people who share injection equipment,placeholder city,,,,lognormal,0.018,0.200,D,calibration target,calibrated
mixing_assortativity,"Weight on within-group mixing; remainder mixes proportionally",0.65,proportion,adults experiencing homelessness,placeholder city,,,,triangular,0.30,0.90,D,"mixing = a*I + (1-a)*proportional",hypothetical
external_hazard_sex_annual,"Annual sexual acquisition hazard from partners outside the modelled population",0.0030,per person-year,adults experiencing homelessness,placeholder city,,,,lognormal,0.0008,0.0110,D,"prevents a closed transmission pool",calibrated
external_hazard_inj_annual,"Annual injection-route acquisition hazard from outside the modelled population",0.0015,per person-year,people who share injection equipment,placeholder city,,,,lognormal,0.0003,0.0070,D,none,calibrated
infectiousness_acute,"Relative sexual infectiousness during acute infection",9.0,relative,people with HIV,generic,,,,triangular,4.0,20.0,C,"multiplier on chronic untreated infectiousness",transported
infectiousness_advanced,"Relative sexual infectiousness during advanced untreated disease",1.6,relative,people with HIV,generic,,,,triangular,1.0,3.0,C,none,transported
infectiousness_suppressed_sexual,"Relative sexual infectiousness when durably virally suppressed",0.0,relative,people with HIV on suppressive ART,generic,,,https://www.hiv.gov/hiv-basics/hiv-testing/learn-about-hiv-testing/understanding-hiv-test-results,fixed,,,A,"undetectable = untransmittable, sexual route only",transported
infectiousness_suppressed_injection,"Relative injection-route infectiousness when virally suppressed",0.20,relative,people with HIV on suppressive ART,generic,,,,triangular,0.05,0.50,D,"the sexual zero-risk claim is deliberately not extended here",hypothetical
acute_duration_years,"Mean duration of acute infection before chronic stage",0.115,years,people with HIV,generic,,,,triangular,0.08,0.20,B,"approximately six weeks",transported
chronic_to_advanced_rate,"Annual rate of progression from untreated chronic infection to advanced disease",0.115,per person-year,people with HIV not on ART,generic,,,,triangular,0.08,0.16,B,"mean time to advanced disease about 8.7 years",transported
advanced_mortality_rate,"Annual HIV mortality rate in untreated advanced disease",0.55,per person-year,people with untreated advanced HIV,generic,,,,triangular,0.35,0.85,B,none,transported
chronic_mortality_excess,"Annual excess mortality in untreated chronic infection",0.015,per person-year,people with untreated chronic HIV,generic,,,,triangular,0.005,0.035,C,none,transported
art_mortality_multiplier,"Multiplier on HIV-attributable mortality while virally suppressed on ART",0.10,relative,people with HIV on suppressive ART,generic,,,,triangular,0.04,0.25,B,none,transported
art_regression_rate,"Annual rate of returning from advanced disease to chronic disease on effective ART",1.2,per person-year,people with advanced HIV on ART,generic,,,,triangular,0.6,2.0,C,"immune reconstitution; HIV infection itself never reverts",transported
suppression_rate_on_art,"Annual rate of achieving viral suppression after ART initiation",8.0,per person-year,people with HIV newly on ART,generic,,,,triangular,4.0,14.0,B,"mean time to suppression about 6-7 weeks",transported
art_failure_rate,"Annual rate of losing viral suppression while nominally on ART",0.10,per person-year,people with HIV on ART,generic,,,,triangular,0.04,0.22,C,none,transported
testing_rate_annual,"Background HIV testing rate outside the modelled programme",0.55,per person-year,adults experiencing homelessness,placeholder city,,,,lognormal,0.20,1.50,D,calibration target,calibrated
testing_rate_advanced_multiplier,"Multiplier on testing rate once advanced disease produces symptoms",6.0,relative,people with advanced untreated HIV,generic,,,,triangular,3.0,12.0,C,"drives the diagnosis-delay observation model",transported
art_init_rate_annual,"Annual rate of ART initiation after diagnosis",3.0,per person-year,diagnosed people with HIV,placeholder city,,,,lognormal,1.0,8.0,D,calibration target,calibrated
disengage_rate_annual,"Annual rate of disengaging from HIV care while on ART",0.30,per person-year,people with HIV on ART,placeholder city,,,,lognormal,0.08,1.30,D,calibration target,calibrated
reengage_rate_annual,"Annual rate of returning to HIV care after disengagement",0.55,per person-year,diagnosed people with HIV out of care,placeholder city,,,,lognormal,0.20,1.50,D,calibration target,calibrated
bg_mortality_18_29,"Background (non-HIV) annual mortality, ages 18-29, housed reference",0.0016,per person-year,US adults,United States,,,,fixed,,,B,none,transported
bg_mortality_30_44,"Background (non-HIV) annual mortality, ages 30-44, housed reference",0.0031,per person-year,US adults,United States,,,,fixed,,,B,none,transported
bg_mortality_45_59,"Background (non-HIV) annual mortality, ages 45-59, housed reference",0.0080,per person-year,US adults,United States,,,,fixed,,,B,none,transported
bg_mortality_60_plus,"Background (non-HIV) annual mortality, ages 60 and over, housed reference",0.0300,per person-year,US adults,United States,,,,fixed,,,B,none,transported
mortality_multiplier_unsheltered,"Multiplier on background mortality while unsheltered",3.5,relative,adults experiencing homelessness,generic,,,,triangular,2.0,6.0,C,none,transported
mortality_multiplier_sheltered,"Multiplier on background mortality while sheltered",2.5,relative,adults experiencing homelessness,generic,,,,triangular,1.5,4.0,C,none,transported
housing_rate_u_to_s,"Annual rate of moving from unsheltered to sheltered",1.00,per person-year,adults experiencing homelessness,placeholder city,,,,triangular,0.50,2.00,D,none,hypothetical
housing_rate_u_to_h,"Annual rate of moving from unsheltered to housed",0.012,per person-year,adults experiencing homelessness,placeholder city,,,,triangular,0.003,0.040,D,none,hypothetical
housing_rate_s_to_u,"Annual rate of moving from sheltered to unsheltered",0.693,per person-year,adults experiencing homelessness,placeholder city,,,,triangular,0.350,1.400,D,none,hypothetical
housing_rate_s_to_h,"Annual rate of moving from sheltered to housed",0.015,per person-year,adults experiencing homelessness,placeholder city,,,,triangular,0.004,0.050,D,none,hypothetical
housing_rate_h_to_s,"Annual rate of returning from housed to sheltered",0.16,per person-year,formerly homeless adults,placeholder city,,,,triangular,0.05,0.40,D,none,hypothetical
housing_rate_h_to_u,"Annual rate of returning from housed to unsheltered",0.05,per person-year,formerly homeless adults,placeholder city,,,,triangular,0.01,0.15,D,none,hypothetical
baseline_hiv_prevalence,"HIV prevalence (diagnosed and undiagnosed) at baseline",0.055,proportion,adults experiencing homelessness,placeholder city,,,,triangular,0.02,0.11,D,none,hypothetical
baseline_undiagnosed_fraction,"Share of prevalent infection that is undiagnosed at baseline",0.20,proportion,adults experiencing homelessness with HIV,placeholder city,,,,triangular,0.08,0.38,D,calibration target,calibrated
baseline_art_among_diagnosed,"Share of diagnosed people on ART at baseline",0.62,proportion,diagnosed adults experiencing homelessness with HIV,placeholder city,,,,triangular,0.40,0.80,D,none,hypothetical
baseline_suppressed_among_art,"Share of people on ART who are virally suppressed at baseline",0.72,proportion,adults experiencing homelessness on ART,placeholder city,,,,triangular,0.50,0.88,D,none,hypothetical
baseline_oral_prep_use,"Share of eligible HIV-negative people using daily oral PrEP at baseline",0.04,proportion,HIV-negative adults experiencing homelessness,placeholder city,,,,triangular,0.01,0.12,D,"existing prevention stays in the baseline",hypothetical
len_efficacy_sexual,"Protective efficacy of lenacapavir against sexual acquisition while adequately dosed",0.95,proportion,PrEP recipients,generic,2025,,https://www.cdc.gov/mmwr/volumes/74/wr/mm7435a1.htm,triangular,0.85,0.99,B,"trial efficacy; programme participation is modelled separately",transported
cab_efficacy_sexual,"Protective efficacy of cabotegravir against sexual acquisition while adequately dosed",0.90,proportion,PrEP recipients,generic,2021,,https://www.cdc.gov/hivnexus/hcp/prep/index.html,triangular,0.78,0.97,B,none,transported
oral_efficacy_sexual,"Real-world effective protection of daily oral PrEP against sexual acquisition, adherence included",0.50,proportion,PrEP users in routine care,generic,,,,triangular,0.25,0.75,C,"efficacy times typical adherence in unstably housed populations",transported
injectable_efficacy_injection_route,"Protective efficacy of injectable PrEP against equipment-sharing acquisition, primary analysis",0.0,proportion,PrEP recipients who share equipment,generic,2025,,https://www.cdc.gov/mmwr/volumes/74/wr/mm7435a1.htm,fixed,,,D,"conservative structural assumption, not a finding of zero biological effect",hypothetical
oral_efficacy_injection_route,"Protective efficacy of daily oral PrEP against equipment-sharing acquisition",0.40,proportion,PrEP users who share equipment,generic,,,,triangular,0.10,0.70,C,none,transported
len_dose_interval_weeks,"Lenacapavir maintenance dosing interval",26.0,weeks,PrEP recipients,generic,2025,,https://www.accessdata.fda.gov/drugsatfda_docs/label/2025/220020s000lbl.pdf,fixed,,,A,"every six months after initiation",transported
len_tail_weeks,"Weeks after the due date over which lenacapavir protection declines to zero",12.0,weeks,PrEP recipients,generic,,,,triangular,4.0,26.0,D,"waning scenario, not a validated concentration curve",hypothetical
cab_first_interval_weeks,"Interval between the first and second cabotegravir injections",4.0,weeks,PrEP recipients,generic,2021,,https://www.cdc.gov/hivnexus/hcp/prep/index.html,fixed,,,A,none,transported
cab_dose_interval_weeks,"Cabotegravir maintenance dosing interval",8.0,weeks,PrEP recipients,generic,2021,,https://www.cdc.gov/hivnexus/hcp/prep/index.html,fixed,,,A,none,transported
cab_tail_weeks,"Weeks after the due date over which cabotegravir protection declines to zero",8.0,weeks,PrEP recipients,generic,,,,triangular,3.0,16.0,D,waning scenario,hypothetical
reach_rate_annual_clinic,"Annual rate at which an eligible person is reached with a clinic-based offer",0.50,per person-year,HIV-negative adults experiencing homelessness,placeholder city,,,,triangular,0.20,1.00,D,none,hypothetical
reach_rate_annual_lowbarrier,"Annual rate at which an eligible person is reached with a low-barrier outreach offer",2.20,per person-year,HIV-negative adults experiencing homelessness,placeholder city,,,,triangular,1.00,4.00,D,none,hypothetical
reach_multiplier_unsheltered,"Multiplier on clinic reach while unsheltered",0.40,relative,unsheltered adults,placeholder city,,,,triangular,0.15,0.80,D,"low-barrier delivery narrows this gap, see reach_multiplier_unsheltered_lowbarrier",hypothetical
reach_multiplier_unsheltered_lowbarrier,"Multiplier on low-barrier reach while unsheltered",0.85,relative,unsheltered adults,placeholder city,,,,triangular,0.60,1.00,D,none,hypothetical
reach_exposure_gradient,"Multiplicative change in reach per step up the exposure-group ladder",1.00,relative,adults experiencing homelessness,placeholder city,,,,triangular,0.70,1.10,D,"values below 1 mean higher-exposure people are harder to reach",hypothetical
accept_prob_clinic,"Probability of accepting an injectable PrEP offer in a clinic setting",0.28,proportion,eligible adults offered PrEP,placeholder city,,,,triangular,0.12,0.50,D,none,hypothetical
accept_prob_lowbarrier,"Probability of accepting an injectable PrEP offer in a low-barrier setting",0.42,proportion,eligible adults offered PrEP,placeholder city,,,,triangular,0.20,0.65,D,none,hypothetical
initiate_given_accept_clinic,"Probability of receiving a first injection after accepting, clinic pathway",0.55,proportion,adults accepting PrEP,placeholder city,,,,triangular,0.30,0.80,D,"covers screening, authorisation and supply delay",hypothetical
initiate_given_accept_lowbarrier,"Probability of receiving a first injection after accepting, low-barrier pathway",0.82,proportion,adults accepting PrEP,placeholder city,,,,triangular,0.60,0.95,D,none,hypothetical
attendance_prob_clinic,"Probability of attending a scheduled injection visit, clinic pathway",0.72,proportion,PrEP recipients,placeholder city,,,,triangular,0.50,0.90,D,"per scheduled visit, not per year",hypothetical
attendance_prob_lowbarrier,"Probability of attending a scheduled injection visit, low-barrier pathway",0.90,proportion,PrEP recipients,placeholder city,2024,,https://pmc.ncbi.nlm.nih.gov/articles/PMC11009050/,triangular,0.65,0.96,C,"47 of 52 injections on time in a 15-person cohort is implementation evidence, not a long-run retention estimate",hypothetical
reengage_prob_weekly_after_lapse,"Weekly probability of re-engaging after a missed injection visit, low-barrier pathway",0.10,per week,PrEP recipients who missed a visit,placeholder city,,,,triangular,0.02,0.25,D,"clinic pathway uses half this value",hypothetical
capacity_initiations_per_1000_per_week,"Programme capacity for first injections",4.0,per 1000 eligible per week,programme,placeholder city,,,,triangular,1.5,10.0,D,"binding capacity constraint, not an unlimited programme",hypothetical
capacity_contacts_per_1000_per_week,"Programme capacity for outreach contacts",60.0,per 1000 eligible per week,programme,placeholder city,,,,triangular,25.0,150.0,D,none,hypothetical
cost_len_per_dose,"Net acquisition cost of one lenacapavir maintenance dose",14109.0,USD,programme,United States,2025,2025,https://www.unaids.org/en/resources/presscentre/pressreleaseandstatementarchive/2025/june/20250618_lenacapavir,uniform,1500.0,14109.0,C,"announced launch list price of 28218 USD per person-year divided by two doses; a list price, not a contract price. The range is a policy range running from a hypothetical negotiated price up to the announced list price, not a measured distribution of transaction prices",hypothetical
cost_cab_per_dose,"Net acquisition cost of one cabotegravir maintenance dose",3900.0,USD,programme,United States,2024,2024,,triangular,2500.0,5500.0,D,"list-price order of magnitude, not a verified net price",hypothetical
cost_oral_prep_annual,"Annual acquisition cost of generic daily oral PrEP",420.0,USD,programme,United States,2024,2024,,triangular,120.0,900.0,D,none,hypothetical
cost_contact_clinic,"Incremental staff and facility cost of one clinic PrEP contact",95.0,USD,programme,United States,2024,2024,,triangular,55.0,180.0,D,"charged whether or not an injection follows",hypothetical
cost_contact_lowbarrier,"Incremental staff, outreach, transport and navigation cost of one low-barrier contact",145.0,USD,programme,United States,2024,2024,,triangular,80.0,300.0,D,"charged whether or not an injection follows",hypothetical
cost_hiv_test,"Cost of one HIV screening test including confirmation and result delivery",42.0,USD,programme,United States,2024,2024,,triangular,20.0,90.0,D,none,hypothetical
cost_program_fixed_annual_per_1000,"Fixed programme cost per 1000 eligible people per year",180000.0,USD,programme,United States,2024,2024,,triangular,60000.0,450000.0,D,"supervision, vehicles, cold chain, data systems",hypothetical
cost_hiv_care_undiagnosed,"Annual HIV-attributable medical cost while undiagnosed",600.0,USD,people with undiagnosed HIV,United States,2019,2019,,triangular,200.0,1500.0,D,none,hypothetical
cost_hiv_care_diagnosed_noart,"Annual HIV-attributable medical cost, diagnosed and not on ART",6500.0,USD,people with HIV not on ART,United States,2019,2019,,triangular,3000.0,14000.0,D,none,hypothetical
cost_hiv_care_art_unsuppressed,"Annual HIV-attributable medical cost, on ART and not suppressed",33000.0,USD,people with HIV on ART,United States,2019,2019,,triangular,22000.0,48000.0,C,none,transported
cost_hiv_care_art_suppressed,"Annual HIV-attributable medical cost, on ART and suppressed",29000.0,USD,people with HIV on ART,United States,2019,2019,,triangular,20000.0,42000.0,C,none,transported
cost_hiv_care_advanced,"Additional annual medical cost during advanced disease",22000.0,USD,people with advanced HIV,United States,2019,2019,,triangular,10000.0,45000.0,D,"added on top of the care-state cost",hypothetical
cost_non_hiv_care_annual,"Annual non-HIV healthcare cost, all arms",7800.0,USD,adults experiencing homelessness,United States,2019,2019,,triangular,3500.0,16000.0,D,"background cost, cancels in the incremental comparison unless survival differs",hypothetical
cost_housing_day_unsheltered,"Public cost per unsheltered person-day attributable to the housing system",6.0,USD,unsheltered adults,United States,2019,2019,,triangular,0.0,20.0,D,none,hypothetical
cost_housing_day_sheltered,"Public cost per sheltered person-day",42.0,USD,sheltered adults,United States,2019,2019,,triangular,20.0,90.0,D,"average cost; a fixed shelter budget does not fall when a bed-day is avoided",hypothetical
cost_housing_day_housed,"Public cost per supported-housing person-day",58.0,USD,formerly homeless adults in supported housing,United States,2019,2019,,triangular,25.0,110.0,D,none,hypothetical
cost_hiv_attributable_housing_annual,"Additional HIV-attributable housing or medical respite cost",0.0,USD,people with HIV experiencing homelessness,United States,2019,2019,,fixed,,,D,"zero in the primary analysis; raise only with a source",hypothetical
cost_patient_time_per_visit,"Patient time and transport cost per programme visit",38.0,USD,programme participants,United States,2024,2024,,triangular,15.0,80.0,D,"societal perspective only",hypothetical
utility_hiv_negative,"Health utility, HIV negative",0.85,QALY per year,adults,generic,,,,triangular,0.78,0.92,C,"before the housing decrement",transported
utility_hiv_undiagnosed,"Health utility, undiagnosed HIV",0.84,QALY per year,people with HIV,generic,,,,triangular,0.76,0.90,C,none,transported
utility_hiv_diagnosed_noart,"Health utility, diagnosed HIV not on ART",0.76,QALY per year,people with HIV,generic,,,,triangular,0.66,0.85,C,none,transported
utility_hiv_art,"Health utility, on ART",0.81,QALY per year,people with HIV on ART,generic,,,,triangular,0.72,0.88,C,none,transported
utility_hiv_advanced,"Health utility during advanced disease",0.58,QALY per year,people with advanced HIV,generic,,,,triangular,0.42,0.72,C,none,transported
utility_decrement_unsheltered,"Utility decrement while unsheltered",0.09,QALY per year,unsheltered adults,generic,,,,triangular,0.03,0.18,D,none,hypothetical
utility_decrement_sheltered,"Utility decrement while sheltered",0.05,QALY per year,sheltered adults,generic,,,,triangular,0.01,0.12,D,none,hypothetical
life_expectancy_hiv_negative_at_45,"Remaining life expectancy at age 45 without HIV, homelessness-adjusted",24.0,years,adults experiencing homelessness,United States,,,,triangular,18.0,30.0,D,"used only for the terminal value beyond the simulated horizon",hypothetical
life_expectancy_hiv_suppressed_at_45,"Remaining life expectancy at age 45 with suppressed HIV, homelessness-adjusted",21.0,years,adults experiencing homelessness with HIV,United States,,,,triangular,15.0,27.0,D,terminal value only,hypothetical
life_expectancy_hiv_unsuppressed_at_45,"Remaining life expectancy at age 45 with unsuppressed HIV, homelessness-adjusted",13.0,years,adults experiencing homelessness with HIV,United States,,,,triangular,8.0,20.0,D,terminal value only,hypothetical
lifetime_hiv_cost_bingham2019,"Discounted lifetime HIV-related medical cost of one infection",420285.0,USD,people with HIV,United States,2019,2019,https://pubmed.ncbi.nlm.nih.gov/33492100/,triangular,300000.0,540000.0,B,"analytic prototype cross-check only; never added on top of simulated lifetime care costs",transported
hiv_test_sensitivity_acute,"Probability that a programme HIV screening test detects acute infection",0.55,proportion,people with acute HIV,generic,,,https://www.accessdata.fda.gov/drugsatfda_docs/label/2025/220020s000lbl.pdf,triangular,0.30,0.85,C,"the label's concern about initiating during undetected acute infection",transported
refusal_permanent_prob,"Probability that declining an offer means declining every future offer",0.25,proportion,adults offered PrEP,placeholder city,,,,triangular,0.05,0.50,D,none,hypothetical
linkage_prob_program_diagnosis,"Probability of prompt ART linkage after a programme-detected diagnosis",0.75,proportion,people newly diagnosed through the programme,placeholder city,,,,triangular,0.45,0.92,D,"this is the mechanism arm E isolates",hypothetical
oral_after_stopping_prob,"Probability of moving to daily oral PrEP after discontinuing the injectable",0.15,proportion,people discontinuing injectable PrEP,placeholder city,,,,triangular,0.02,0.40,D,none,hypothetical
ae_discontinuation_rate_annual,"Annual rate of discontinuation attributed to adverse events",0.030,per person-year,injectable PrEP recipients,generic,,,,triangular,0.005,0.090,D,none,hypothetical
cost_adverse_event_annual,"Annual cost of managing injection-related adverse events per participant",25.0,USD,injectable PrEP recipients,United States,2024,2024,,triangular,0.0,120.0,D,none,hypothetical
