source_id,citation,url,accessed,what_it_supports,limitation
fda_lenacapavir_label,"Yeztugo (lenacapavir) prescribing information, US FDA",https://www.accessdata.fda.gov/drugsatfda_docs/label/2025/220020s000lbl.pdf,2026-09-17,"Dosing schedule, oral loading course, HIV screening before each administration, missed-dose guidance","A label is not a programme effectiveness estimate; clinical interpretation must be checked before any operational use"
cdc_mmwr_lenacapavir,"CDC recommendation for lenacapavir for HIV pre-exposure prophylaxis, MMWR 74(35)",https://www.cdc.gov/mmwr/volumes/74/wr/mm7435a1.htm,2026-09-17,"Efficacy against sexual acquisition in PURPOSE 1 and PURPOSE 2; identification of injection-route prevention as needing further research","Trial efficacy is not programme effectiveness; no established efficacy estimate for equipment-sharing acquisition"
cdc_prep_guidance,"CDC HIV Nexus clinician guidance on injectable PrEP",https://www.cdc.gov/hivnexus/hcp/prep/index.html,2026-09-17,"Cabotegravir availability since December 2021 and its one-month then two-month schedule","General clinical guidance, not local programme data"
lowbarrier_sf_2024,"Low-barrier injectable PrEP and ART implementation study, San Francisco",https://pmc.ncbi.nlm.nih.gov/articles/PMC11009050/,2026-09-17,"Existence and feasibility of outreach, walk-in and re-engagement mechanisms; on-time injection experience in a small cohort","15 PrEP recipients; 47 of 52 injections on time; whole-programme injection statistics mix treatment and prevention; short follow-up; San Francisco epidemiology is not transportable to another city"
unaids_lenacapavir_price,"UNAIDS statement on the announced US launch price of lenacapavir for PrEP",https://www.unaids.org/en/resources/presscentre/pressreleaseandstatementarchive/2025/june/20250618_lenacapavir,2026-09-17,"Announced 2025 US launch list price of 28218 USD per person-year","A 2025 list price is a historical benchmark, not a verified 2026 net contract price; international generic procurement prices are not assumed available to a US programme"
bingham_2021,"Bingham A et al. Estimated lifetime HIV-related medical costs in the United States, 2021",https://pubmed.ncbi.nlm.nih.gov/33492100/,2026-09-17,"Discounted lifetime HIV-related medical cost of 420285 USD in 2019 dollars","A national average, not a locally calibrated cost for people experiencing homelessness; used only in the analytic prototype"
hiv_gov_undetectable,"HIV.gov, understanding viral suppression and transmission",https://www.hiv.gov/hiv-basics/hiv-testing/learn-about-hiv-testing/understanding-hiv-test-results,2026-09-17,"Sustained viral suppression prevents sexual transmission","The zero-risk statement covers the sexual route; it is not extended to equipment sharing in this model"
cheers_2022,"CHEERS 2022 consolidated health economic evaluation reporting standards",https://pubmed.ncbi.nlm.nih.gov/35031088/,2026-09-17,"Reporting structure for comparators, perspective, horizon, discounting, uncertainty and limitations","A reporting checklist, not a source of parameter values"
pytorch_distributions,"PyTorch probability distributions documentation",https://docs.pytorch.org/docs/stable/distributions.html,2026-09-17,"Random draw APIs used by the simulator","Implementation reference only"
no_local_source,"No local source: value is a stated assumption or a scenario input",,2026-09-17,"Every parameter row flagged hypothetical","Nothing flagged hypothetical should be reported as a local estimate"
